{
  "mae": {
    "overall": {
      "mean": 4.140738010406494,
      "max": 73.0,
      "p50": 1.0,
      "p95": 17.0,
      "p99": 30.0
    },
    "per_channel": {
      "R": {
        "mean": 4.5600457191467285,
        "max": 73.0,
        "p50": 1.0,
        "p95": 20.0,
        "p99": 34.0
      },
      "G": {
        "mean": 3.925065517425537,
        "max": 62.0,
        "p50": 1.0,
        "p95": 16.0,
        "p99": 27.0
      },
      "B": {
        "mean": 3.9371023178100586,
        "max": 62.0,
        "p50": 1.0,
        "p95": 16.0,
        "p99": 28.0
      }
    }
  },
  "ssim": 0.9730342030525208,
  "deltaE2000": {
    "mean": 1.767003059387207,
    "max": 26.447267532348633,
    "p50": 0.836348295211792,
    "p95": 6.520322799682617,
    "p99": 10.778806686401367
  },
  "image_size": [
    2048,
    1024
  ],
  "overall": {
    "mean": 4.140738010406494,
    "max": 73.0,
    "p50": 1.0,
    "p95": 17.0,
    "p99": 30.0
  },
  "per_channel": {
    "R": {
      "mean": 4.5600457191467285,
      "max": 73.0,
      "p50": 1.0,
      "p95": 20.0,
      "p99": 34.0
    },
    "G": {
      "mean": 3.925065517425537,
      "max": 62.0,
      "p50": 1.0,
      "p95": 16.0,
      "p99": 27.0
    },
    "B": {
      "mean": 3.9371023178100586,
      "max": 62.0,
      "p50": 1.0,
      "p95": 16.0,
      "p99": 28.0
    }
  },
  "profile": "_test_blur",
  "mode": "unity_render",
  "filters": [
    {
      "filter": "blur",
      "severity": 0.23
    }
  ]
}