{
  "overall": {
    "mean": 32.83250427246094,
    "max": 210.0,
    "p50": 22.0,
    "p95": 164.0,
    "p99": 180.0
  },
  "per_channel": {
    "R": {
      "mean": 32.9349250793457,
      "max": 206.0,
      "p50": 23.0,
      "p95": 163.0,
      "p99": 179.0
    },
    "G": {
      "mean": 33.03657913208008,
      "max": 207.0,
      "p50": 23.0,
      "p95": 166.0,
      "p99": 181.0
    },
    "B": {
      "mean": 32.526004791259766,
      "max": 210.0,
      "p50": 21.0,
      "p95": 162.0,
      "p99": 180.0
    }
  },
  "image_size": [
    446,
    254
  ],
  "profile": "p4",
  "mode": "participants_panel",
  "filters": [
    {
      "filter": "field_loss",
      "severity": 0.6,
      "field_type": "central",
      "overlay_scale": 0.7
    },
    {
      "filter": "distortion",
      "severity": 0.5
    },
    {
      "filter": "blur",
      "severity": 0.3
    },
    {
      "filter": "bcg",
      "brightness": 0.8,
      "contrast": 0.85,
      "gamma": 1.0
    }
  ]
}