{
  "overall": {
    "mean": 57.04862594604492,
    "max": 249.0,
    "p50": 39.0,
    "p95": 174.0,
    "p99": 196.0
  },
  "per_channel": {
    "R": {
      "mean": 58.748817443847656,
      "max": 249.0,
      "p50": 39.0,
      "p95": 174.0,
      "p99": 196.0
    },
    "G": {
      "mean": 55.763824462890625,
      "max": 249.0,
      "p50": 38.0,
      "p95": 175.0,
      "p99": 193.0
    },
    "B": {
      "mean": 56.63323974609375,
      "max": 249.0,
      "p50": 41.0,
      "p95": 171.0,
      "p99": 204.0
    }
  },
  "image_size": [
    446,
    254
  ],
  "profile": "p1",
  "mode": "participants_panel",
  "filters": [
    {
      "filter": "foveal_darkness",
      "severity": 0.5,
      "center": [
        0.5,
        0.4
      ],
      "radius": 0.08
    },
    {
      "filter": "bcg",
      "brightness": 0.85,
      "contrast": 0.95,
      "gamma": 1.0
    }
  ]
}