{
  "overall": {
    "mean": 90.23418426513672,
    "max": 243.0,
    "p50": 81.0,
    "p95": 172.0,
    "p99": 205.0
  },
  "per_channel": {
    "R": {
      "mean": 90.95677947998047,
      "max": 243.0,
      "p50": 80.0,
      "p95": 173.0,
      "p99": 206.0
    },
    "G": {
      "mean": 90.47187042236328,
      "max": 242.0,
      "p50": 82.0,
      "p95": 172.0,
      "p99": 202.0
    },
    "B": {
      "mean": 89.2739028930664,
      "max": 242.0,
      "p50": 81.0,
      "p95": 171.0,
      "p99": 206.0
    }
  },
  "image_size": [
    446,
    254
  ],
  "profile": "p2",
  "mode": "participants_panel",
  "filters": [
    {
      "filter": "distortion",
      "severity": 0.4
    },
    {
      "filter": "bcg",
      "brightness": 0.9,
      "contrast": 0.9,
      "gamma": 1.0
    }
  ]
}