{
  "overall": {
    "mean": 37.74702453613281,
    "max": 204.0,
    "p50": 23.0,
    "p95": 153.0,
    "p99": 173.0
  },
  "per_channel": {
    "R": {
      "mean": 38.795867919921875,
      "max": 198.0,
      "p50": 25.0,
      "p95": 151.0,
      "p99": 171.0
    },
    "G": {
      "mean": 36.96100997924805,
      "max": 194.0,
      "p50": 23.0,
      "p95": 155.0,
      "p99": 170.0
    },
    "B": {
      "mean": 37.48419952392578,
      "max": 204.0,
      "p50": 22.0,
      "p95": 153.0,
      "p99": 176.0
    }
  },
  "image_size": [
    446,
    254
  ],
  "profile": "p5",
  "mode": "participants_panel",
  "filters": [
    {
      "filter": "blur",
      "severity": 0.7
    },
    {
      "filter": "field_loss",
      "severity": 0.5,
      "field_type": "central",
      "overlay_scale": 0.7
    }
  ]
}