{
  "device": "cpu",
  "input": "Trafficscene_2048x1024.png",
  "checked": {
    "cvd": {
      "mae": {
        "overall": {
          "mean": 0.5419842600822449,
          "max": 1.0,
          "p50": 1.0,
          "p95": 1.0,
          "p99": 1.0
        },
        "per_channel": {
          "R": {
            "mean": 0.44501352310180664,
            "max": 1.0,
            "p50": 0.0,
            "p95": 1.0,
            "p99": 1.0
          },
          "G": {
            "mean": 0.5058474540710449,
            "max": 1.0,
            "p50": 1.0,
            "p95": 1.0,
            "p99": 1.0
          },
          "B": {
            "mean": 0.6750917434692383,
            "max": 1.0,
            "p50": 1.0,
            "p95": 1.0,
            "p99": 1.0
          }
        }
      },
      "ssim": 0.9991866946220398,
      "ssim_blur": 0.9999294281005859,
      "deltaE2000": {
        "mean": 0.5440175533294678,
        "max": 1.2460049390792847,
        "p50": 0.560947060585022,
        "p95": 0.9224365949630737,
        "p99": 1.0167711973190308
      },
      "wasserstein": {
        "R": 0.44501352310180664,
        "G": 0.5058474540710449,
        "B": 0.6750917434692383,
        "mean": 0.5419842402140299
      },
      "lpips": 0.0005112668732181191,
      "image_size": [
        2048,
        1024
      ],
      "overall": {
        "mean": 0.5419842600822449,
        "max": 1.0,
        "p50": 1.0,
        "p95": 1.0,
        "p99": 1.0
      },
      "per_channel": {
        "R": {
          "mean": 0.44501352310180664,
          "max": 1.0,
          "p50": 0.0,
          "p95": 1.0,
          "p99": 1.0
        },
        "G": {
          "mean": 0.5058474540710449,
          "max": 1.0,
          "p50": 1.0,
          "p95": 1.0,
          "p99": 1.0
        },
        "B": {
          "mean": 0.6750917434692383,
          "max": 1.0,
          "p50": 1.0,
          "p95": 1.0,
          "p99": 1.0
        }
      }
    },
    "bcg": {
      "mae": {
        "overall": {
          "mean": 0.4101533889770508,
          "max": 1.0,
          "p50": 0.0,
          "p95": 1.0,
          "p99": 1.0
        },
        "per_channel": {
          "R": {
            "mean": 0.40343475341796875,
            "max": 1.0,
            "p50": 0.0,
            "p95": 1.0,
            "p99": 1.0
          },
          "G": {
            "mean": 0.3875851631164551,
            "max": 1.0,
            "p50": 0.0,
            "p95": 1.0,
            "p99": 1.0
          },
          "B": {
            "mean": 0.4394402503967285,
            "max": 1.0,
            "p50": 0.0,
            "p95": 1.0,
            "p99": 1.0
          }
        }
      },
      "ssim": 0.9993218779563904,
      "ssim_blur": 0.9999350905418396,
      "deltaE2000": {
        "mean": 0.35303717851638794,
        "max": 1.1424715518951416,
        "p50": 0.37853673100471497,
        "p95": 0.8304387927055359,
        "p99": 0.9084306955337524
      },
      "wasserstein": {
        "R": 0.40343475341796875,
        "G": 0.3875851631164551,
        "B": 0.4394402503967285,
        "mean": 0.4101533889770508
      },
      "lpips": 0.00022153888130560517,
      "image_size": [
        2048,
        1024
      ],
      "overall": {
        "mean": 0.4101533889770508,
        "max": 1.0,
        "p50": 0.0,
        "p95": 1.0,
        "p99": 1.0
      },
      "per_channel": {
        "R": {
          "mean": 0.40343475341796875,
          "max": 1.0,
          "p50": 0.0,
          "p95": 1.0,
          "p99": 1.0
        },
        "G": {
          "mean": 0.3875851631164551,
          "max": 1.0,
          "p50": 0.0,
          "p95": 1.0,
          "p99": 1.0
        },
        "B": {
          "mean": 0.4394402503967285,
          "max": 1.0,
          "p50": 0.0,
          "p95": 1.0,
          "p99": 1.0
        }
      }
    },
    "blur": {
      "mae": {
        "overall": {
          "mean": 0.4552140235900879,
          "max": 20.0,
          "p50": 0.0,
          "p95": 2.0,
          "p99": 2.0
        },
        "per_channel": {
          "R": {
            "mean": 0.4775710105895996,
            "max": 20.0,
            "p50": 0.0,
            "p95": 2.0,
            "p99": 2.0
          },
          "G": {
            "mean": 0.44228267669677734,
            "max": 20.0,
            "p50": 0.0,
            "p95": 1.0,
            "p99": 2.0
          },
          "B": {
            "mean": 0.4457883834838867,
            "max": 19.0,
            "p50": 0.0,
            "p95": 1.0,
            "p99": 2.0
          }
        }
      },
      "ssim": 0.9972699284553528,
      "ssim_blur": 0.9997279644012451,
      "deltaE2000": {
        "mean": 0.37077808380126953,
        "max": 7.33278751373291,
        "p50": 0.3852359652519226,
        "p95": 0.9095539450645447,
        "p99": 1.1544009447097778
      },
      "wasserstein": {
        "R": 0.14174699783325195,
        "G": 0.11379337310791016,
        "B": 0.10309028625488281,
        "mean": 0.11954355239868164
      },
      "lpips": 0.0024639121256768703,
      "image_size": [
        2048,
        1024
      ],
      "overall": {
        "mean": 0.4552140235900879,
        "max": 20.0,
        "p50": 0.0,
        "p95": 2.0,
        "p99": 2.0
      },
      "per_channel": {
        "R": {
          "mean": 0.4775710105895996,
          "max": 20.0,
          "p50": 0.0,
          "p95": 2.0,
          "p99": 2.0
        },
        "G": {
          "mean": 0.44228267669677734,
          "max": 20.0,
          "p50": 0.0,
          "p95": 1.0,
          "p99": 2.0
        },
        "B": {
          "mean": 0.4457883834838867,
          "max": 19.0,
          "p50": 0.0,
          "p95": 1.0,
          "p99": 2.0
        }
      }
    },
    "vortex": {
      "mae": {
        "overall": {
          "mean": 54.945068359375,
          "max": 255.0,
          "p50": 40.0,
          "p95": 150.0,
          "p99": 200.0
        },
        "per_channel": {
          "R": {
            "mean": 57.52680587768555,
            "max": 255.0,
            "p50": 42.0,
            "p95": 157.0,
            "p99": 209.0
          },
          "G": {
            "mean": 52.62907409667969,
            "max": 248.0,
            "p50": 38.0,
            "p95": 144.0,
            "p99": 192.0
          },
          "B": {
            "mean": 54.6793212890625,
            "max": 255.0,
            "p50": 40.0,
            "p95": 149.0,
            "p99": 197.0
          }
        }
      },
      "ssim": 0.239850714802742,
      "ssim_blur": 0.47961559891700745,
      "deltaE2000": {
        "mean": 21.567913055419922,
        "max": 96.46427154541016,
        "p50": 18.97223663330078,
        "p95": 53.203819274902344,
        "p99": 73.1898193359375
      },
      "wasserstein": {
        "R": 0.7730627059936523,
        "G": 0.7714595794677734,
        "B": 0.8982977867126465,
        "mean": 0.8142733573913574
      },
      "lpips": 0.6705471873283386,
      "image_size": [
        2048,
        1024
      ],
      "overall": {
        "mean": 54.945068359375,
        "max": 255.0,
        "p50": 40.0,
        "p95": 150.0,
        "p99": 200.0
      },
      "per_channel": {
        "R": {
          "mean": 57.52680587768555,
          "max": 255.0,
          "p50": 42.0,
          "p95": 157.0,
          "p99": 209.0
        },
        "G": {
          "mean": 52.62907409667969,
          "max": 248.0,
          "p50": 38.0,
          "p95": 144.0,
          "p99": 192.0
        },
        "B": {
          "mean": 54.6793212890625,
          "max": 255.0,
          "p50": 40.0,
          "p95": 149.0,
          "p99": 197.0
        }
      }
    }
  },