{
  "filter": "nystagmus",
  "foveat_d": 0.12,
  "rise_d": 0.13,
  "rise_exp": 1.75,
  "amp_deg": 8,
  "baselineErr_deg": 0,
  "direction_deg": 0,
  "screenWidth_px": 2048,
  "viewingAngle_deg": 100,
  "artificialRotation": true,
  "useNullingField": false,
  "initial_wait_seconds": 1,
  "burst_interval_seconds": 0.05,
  "output_width": 2048,
  "output_height": 1024,
  "frame_times_s": [0.0000, 0.2023, 0.3763, 0.5483, 0.7192, 0.8838, 1.0627, 1.2244, 1.3918, 1.5622, 1.7317, 1.8941, 2.0794, 2.2479, 2.4182, 2.5909, 2.7734, 2.9368, 3.1065, 3.2850, 3.4520, 3.6188, 3.7960, 3.9569, 4.1273, 4.2979, 4.4687, 4.6342, 4.8123, 4.9762],
  "timer_secs": [1.041482, 1.243783, 1.417822, 1.589791, 1.760722, 1.925308, 2.104220, 2.265929, 2.433317, 2.603716, 2.773219, 2.935568, 3.120884, 3.289411, 3.459633, 3.632362, 3.814836, 3.978316, 4.147989, 4.326456, 4.493435, 4.660295, 4.837489, 4.998399, 5.168790, 5.339349, 5.510193, 5.675705, 5.853789, 6.017697]
}
