{
  "filter": "wiggle",
  "mode": 1,
  "speed": 1,
  "frequency": 12,
  "amplitude": 0.01,
  "initial_wait_seconds": 1,
  "burst_interval_seconds": 0.5,
  "output_width": 2048,
  "output_height": 1024,
  "frame_times_s": [0.0000, 0.5011, 1.0018, 1.5033, 2.0043, 2.5065, 3.0084, 3.5105, 4.0109, 4.5112, 5.0118, 5.5134, 6.0149, 6.5151, 7.0151, 7.5162, 8.0179, 8.5181, 9.0198, 9.5202, 10.0205, 10.5227, 11.0240, 11.5248, 12.0257, 12.5261, 13.0264, 13.5278, 14.0286, 14.5302],
  "timers": [1.041014, 1.542131, 2.042789, 2.544269, 3.045295, 3.547488, 4.049453, 4.551479, 5.051924, 5.552247, 6.052830, 6.554422, 7.055920, 7.556080, 8.056149, 8.557259, 9.058870, 9.559126, 10.060800, 10.561180, 11.061540, 11.563700, 12.064990, 12.565760, 13.066750, 13.567090, 14.067360, 14.568780, 15.069600, 15.571220]
}
